Date,Time ofgreatest eclipse(Terrestrial Time),Saros,Type,Gamma,Magnitude,Centralduration(min:s),Location,Path width...9,Path width...10,Geographical area
2001-06-21,12:04:46,127,Total,−0.5701,1.0495,4:57,".mw-parser-output .geo-default,.mw-parser-output .geo-dms,.mw-parser-output .geo-dec{display:inline}.mw-parser-output .geo-nondefault,.mw-parser-output .geo-multi-punct,.mw-parser-output .geo-inline-hidden{display:none}.mw-parser-output .longitude,.mw-parser-output .latitude{white-space:nowrap}11°18′S 2°42′E﻿ / ﻿11.3°S 2.7°E﻿ / -11.3; 2.7",200,120,"Total: Angola, Zambia, Zimbabwe, Mozambique and MadagascarPartial: Eastern South America, Africa"
2001-12-14,20:53:01,132,Annular,0.4089,0.9681,3:53,0°36′N 130°42′W﻿ / ﻿0.6°N 130.7°W﻿ / 0.6; -130.7,126,78,"Annular: Nicaragua and Costa RicaPartial: North and Central America, northwestern South America, Hawaii"
2002-06-10,23:45:22,137,Annular,0.1993,0.9962,0:23,34°30′N 178°36′W﻿ / ﻿34.5°N 178.6°W﻿ / 34.5; -178.6,13,8.1,"Annular: Indonesia, Kayangel Atoll, the Northern Mariana Islands, Jalisco, MexicoPartial: Eastern Asia, Northeastern Australia, North America, Hawaii"
2002-12-04,07:32:16,142,Total,−0.302,1.0244,2:04,39°30′S 59°36′E﻿ / ﻿39.5°S 59.6°E﻿ / -39.5; 59.6,87,54,"Total: Angola, Botswana, Zimbabwe, South Africa, Mozambique and South AustraliaPartial: Africa, Antarctica, Indonesia, Australia"
2003-05-31,04:09:22,147,Annular,0.996,0.9384,3:37,66°36′N 24°30′W﻿ / ﻿66.6°N 24.5°W﻿ / 66.6; -24.5,—,—,"Annular: Greenland, Iceland, northeastern Scotland, Faroe Islands, Shetland IslandsPartial: Eastern Europe, North Asia, West Asia, Middle East, Alaska, Greenland, northwestern Canada"
2003-11-23,22:50:22,152,Total,−0.9638,1.0379,1:57,72°42′S 88°24′E﻿ / ﻿72.7°S 88.4°E﻿ / -72.7; 88.4,495,308,"Total: East AntarcticaPartial: Australia, New Zealand, Antarctica, southern Chile and Argentina"
2004-04-19,13:35:05,119,Partial,−1.1335,0.7367,—,61°36′S 44°18′E﻿ / ﻿61.6°S 44.3°E﻿ / -61.6; 44.3,—,—,"Partial: Antarctica, Southern Africa"
2004-10-14,03:00:23,124,Partial,1.0348,0.9282,—,61°12′N 153°42′W﻿ / ﻿61.2°N 153.7°W﻿ / 61.2; -153.7,—,—,"Partial: Eastern Russia, Mongolia, northeastern China, Korea, Japan, Hawaii, western Alaska"
2005-04-08,20:36:51,129,Hybrid,−0.3473,1.0074,0:42,10°36′S 119°00′W﻿ / ﻿10.6°S 119.0°W﻿ / -10.6; -119.0,27,17,"Total: NoneAnnular: Bounty Islands, Southeastern French Polynesia, Panama, Colombia, VenezuelaPartial: New Zealand, Oceania, West Antarctica, Mexico, Central America, Caribbean, Western South America"
2005-10-03,10:32:47,134,Annular,0.3306,0.9576,4:32,12°54′N 28°42′E﻿ / ﻿12.9°N 28.7°E﻿ / 12.9; 28.7,162,101,"Annular: Portugal, Spain, Algeria, Tunisia, Libya, Chad, Sudan, Ethiopia, Kenya and SomaliaPartial: Europe, Africa, Middle East, South Asia"
2006-03-29,10:12:23,139,Total,0.3843,1.0515,4:07,23°12′N 16°42′E﻿ / ﻿23.2°N 16.7°E﻿ / 23.2; 16.7,184,114,"Total: Brazil, Ghana, Togo, Benin, Nigeria, Niger, Libya, northwest Egypt, Turkey, Georgia, southwestern Russia and KazakhstanPartial: Eastern South America, North Africa, Central Africa, Europe, Middle East, Central Asia, South Asia"
2006-09-22,11:41:16,144,Annular,−0.4062,0.9352,7:09,20°36′S 9°06′W﻿ / ﻿20.6°S 9.1°W﻿ / -20.6; -9.1,261,162,"Annular: Guyana, Suriname and French GuianaPartial: South America, West Africa, Southern Africa, Antarctic Peninsula, East Antarctica"
2007-03-19,02:32:57,149,Partial,1.0728,0.8756,—,61°00′N 55°30′E﻿ / ﻿61.0°N 55.5°E﻿ / 61.0; 55.5,—,—,"Partial: Northeastern Europe, Asia, Alaska"
2007-09-11,12:32:24,154,Partial,−1.1255,0.7507,—,61°00′S 90°12′W﻿ / ﻿61.0°S 90.2°W﻿ / -61.0; -90.2,—,—,"Partial: Central and Southern South America, Antarctic Peninsula, East Antarctica"
2008-02-07,03:56:10,121,Annular,−0.957,0.965,2:12,67°36′S 150°30′W﻿ / ﻿67.6°S 150.5°W﻿ / -67.6; -150.5,444,276,"Annular: West AntarcticaPartial: Antarctica, Southeastern Australia, New Zealand, Oceania"
2008-08-01,10:22:12,126,Total,0.8307,1.0394,2:27,65°42′N 72°18′E﻿ / ﻿65.7°N 72.3°E﻿ / 65.7; 72.3,237,147,"Total: Nunavut, Northern Greenland, Central Russia, Western Mongolia, Western ChinaPartial: Northern Canada, Greenland, Europe, Asia"
2009-01-26,07:59:45,131,Annular,−0.282,0.9282,7:54,34°06′S 70°12′E﻿ / ﻿34.1°S 70.2°E﻿ / -34.1; 70.2,280,170,"Annular: Cocos Islands, Southern Sumatra, Western Java, BorneoPartial: Southern Africa, East Antarctica, Southeast Asia, Philippines, Australia"
2009-07-22,02:36:25,136,Total,0.0698,1.0799,6:39,24°12′N 144°06′E﻿ / ﻿24.2°N 144.1°E﻿ / 24.2; 144.1,258,160,"Total: Pakistan, India, Nepal, Bhutan, Bangladesh, Myanmar, China, Northern Ryukyu IslandsPartial: Southeast Asia, East Asia, Northern Oceania, Hawaii"
2010-01-15,07:07:39,141,Annular,0.4002,0.919,11:08,1°36′N 69°18′E﻿ / ﻿1.6°N 69.3°E﻿ / 1.6; 69.3,333,207,"Annular: Central African Republic, Democratic Republic of the Congo, Uganda, Maldives, southeastern India, Pakistan,  Sri Lanka, Myanmar, central ChinaPartial: Africa, Southeastern Europe, Middle East, Asia"
2010-07-11,19:34:38,146,Total,−0.6788,1.058,5:20,19°42′S 121°54′W﻿ / ﻿19.7°S 121.9°W﻿ / -19.7; -121.9,259,161,"Total: Southern Chile and Argentina, Southeastern PolynesiaPartial: Southwestern South America, French Polynesia, Hawaii"
2011-01-04,08:51:42,151,Partial,1.0627,0.8576,—,64°42′N 20°48′E﻿ / ﻿64.7°N 20.8°E﻿ / 64.7; 20.8,—,—,"Partial: Europe, Northern Africa, Central Asia, Middle East"
2011-06-01,21:17:18,118,Partial,1.213,0.601,—,67°48′N 46°48′E﻿ / ﻿67.8°N 46.8°E﻿ / 67.8; 46.8,—,—,"Partial: Northeast Asia, Alaska, Northern Canada, Greenland, Northern Scandinavia, Iceland"
2011-07-01,08:39:30,156,Partial,−1.4917,0.0971,—,65°12′S 28°36′E﻿ / ﻿65.2°S 28.6°E﻿ / -65.2; 28.6,—,—,Partial: Southern Indian Ocean near Antarctica
2011-11-25,06:21:24,123,Partial,−1.0536,0.9047,—,68°36′S 82°24′W﻿ / ﻿68.6°S 82.4°W﻿ / -68.6; -82.4,—,—,"Partial: Southwestern South Africa, Antarctica, Tasmania, New Zealand"
2012-05-20,23:53:54,128,Annular,0.4828,0.9439,5:46,49°06′N 176°18′E﻿ / ﻿49.1°N 176.3°E﻿ / 49.1; 176.3,237,147,"Annular: Southern China, Hong Kong, Macau, Japan, Oregon, California, Nevada,  Utah, Arizona, New Mexico, TexasPartial: East Asia, Hawaii, Western North America"
2012-11-13,22:12:55,133,Total,−0.3719,1.05,4:02,40°00′S 161°18′W﻿ / ﻿40.0°S 161.3°W﻿ / -40.0; -161.3,179,111,"Total: Northern AustraliaPartial: Australia, New Zealand, Oceania, West Antarctica, Antarctic Peninsula, Southern South America"
2013-05-10,00:26:20,138,Annular,−0.2694,0.9544,6:03,2°12′N 175°30′E﻿ / ﻿2.2°N 175.5°E﻿ / 2.2; 175.5,173,107,"Annular: Western Australia, Northern Territory and Queensland, Australia,  Louisiade Archipelago, Solomon Islands, KiribatiPartial: Indonesia, Australia, New Zealand, Oceania, Hawaii"
2013-11-03,12:47:36,143,Hybrid,0.3272,1.0159,1:40,3°30′N 11°42′W﻿ / ﻿3.5°N 11.7°W﻿ / 3.5; -11.7,58,36,"Total: Gabon, Republic of the Congo, Democratic Republic of the Congo, Uganda, Kenya, EthiopiaPartial: Eastern North America, Caribbean, Eastern South America, Southern Europe, Africa, Middle East"
2014-04-29,06:04:33,148,Annular (non-central),−1.00001,0.9868,—,70°36′S 131°18′E﻿ / ﻿70.6°S 131.3°E﻿ / -70.6; 131.3,—,—,"Annular: Western Wilkes LandPartial: Australia, East Antarctica"
2014-10-23,21:45:39,153,Partial,1.0908,0.8114,—,71°12′N 97°12′W﻿ / ﻿71.2°N 97.2°W﻿ / 71.2; -97.2,—,—,Partial: Eastern Russia and North America
2015-03-20,09:46:47,120,Total,0.9454,1.0445,2:47,64°24′N 6°36′W﻿ / ﻿64.4°N 6.6°W﻿ / 64.4; -6.6,463,288,"Total: Faroe Islands, Svalbard, North PolePartial: Greenland, Europe, North Africa, Central Asia, Western Russia"
2015-09-13,06:55:19,125,Partial,−1.1004,0.7875,—,72°06′S 2°18′W﻿ / ﻿72.1°S 2.3°W﻿ / -72.1; -2.3,—,—,"Partial: Southern Africa, East Antarctica"
2016-03-09,01:58:19,130,Total,0.2609,1.045,4:09,10°06′N 148°48′E﻿ / ﻿10.1°N 148.8°E﻿ / 10.1; 148.8,155,96,"Total: Indonesia, Micronesia, Marshall IslandsPartial: Southeast Asia, East Asia, Alaska, Northwestern Australia, Hawaii"
2016-09-01,09:08:02,135,Annular,−0.333,0.9736,3:06,10°42′S 37°48′E﻿ / ﻿10.7°S 37.8°E﻿ / -10.7; 37.8,100,62,"Annular: Gabon, Congo, Democratic Republic of the Congo, Tanzania, Mozambique, Madagascar, RéunionPartial: Africa, Antarctica"
2017-02-26,14:54:33,140,Annular,−0.4578,0.9922,0:44,34°42′S 31°12′W﻿ / ﻿34.7°S 31.2°W﻿ / -34.7; -31.2,31,19,"Annular: Southern Chile and Argentina, Angola, Southwestern KatangaPartial: Southern South America, Southern and Western Africa, Antarctica"
2017-08-21,18:26:40,145,Total,0.4367,1.0306,2:40,37°00′N 87°42′W﻿ / ﻿37.0°N 87.7°W﻿ / 37.0; -87.7,115,71,"Total: Oregon, Idaho, Wyoming, Nebraska, Kansas, Missouri, Illinois, Kentucky, Tennessee, North Carolina, Georgia, South Carolina, Virginia, WisconsinPartial: Northeast Asia, Hawaii, North America, Central America, Caribbean, Northern South America, Western Europe, West Africa"
2018-02-15,20:52:33,150,Partial,−1.2116,0.5991,—,71°00′S 0°36′E﻿ / ﻿71.0°S 0.6°E﻿ / -71.0; 0.6,—,—,"Partial: Antarctica, Southern South America"
2018-07-13,03:02:16,117,Partial,−1.3542,0.3365,—,67°54′S 127°24′E﻿ / ﻿67.9°S 127.4°E﻿ / -67.9; 127.4,—,—,"Partial: Antarctica, Southern Australia, Tasmania, Stewart Island"
2018-08-11,09:47:28,155,Partial,1.1476,0.7368,—,70°24′N 174°30′E﻿ / ﻿70.4°N 174.5°E﻿ / 70.4; 174.5,—,—,"Partial: Northeastern Canada, Greenland, Northern Europe, Northern Asia"
2019-01-06,01:42:38,122,Partial,1.1417,0.7145,—,67°24′N 153°36′E﻿ / ﻿67.4°N 153.6°E﻿ / 67.4; 153.6,—,—,"Partial: Northeast Asia, Southwestern Alaska"
2019-07-02,19:24:08,127,Total,−0.6466,1.0459,4:33,17°24′S 109°00′W﻿ / ﻿17.4°S 109.0°W﻿ / -17.4; -109.0,201,125,"Total: Pitcairn Islands, Tuamotu Archipelago, Central Chile and ArgentinaPartial: Eastern Oceania, South America, Southern Central America"
2019-12-26,05:18:53,132,Annular,0.4135,0.9701,3:40,1°00′N 102°18′E﻿ / ﻿1.0°N 102.3°E﻿ / 1.0; 102.3,118,73,"Annular: Saudi Arabia, Qatar, United Arab Emirates, Oman, Southern India, Sri Lanka, Malaysia, Indonesia, Singapore, Northern Mariana Islands, GuamPartial: East Africa, Asia, Northern Australia"
2020-06-21,06:41:15,137,Annular,0.1209,0.994,0:38,30°30′N 79°42′E﻿ / ﻿30.5°N 79.7°E﻿ / 30.5; 79.7,21,13,"Annular: Democratic Republic of the Congo, South Sudan, Ethiopia, Eritrea, Yemen, Saudi Arabia, Oman, Pakistan, Northern India, Tibet, southern China, TaiwanPartial: Africa, Southeast Europe, Asia, Northern Australia"
2020-12-14,16:14:39,142,Total,−0.2939,1.0254,2:10,40°18′S 67°54′W﻿ / ﻿40.3°S 67.9°W﻿ / -40.3; -67.9,90,56,"Total: Southern Chile and ArgentinaPartial: Central and Southern South America, Southern Africa, Antarctica"
2021-06-10,10:43:07,147,Annular,0.9152,0.9435,3:51,80°48′N 66°48′W﻿ / ﻿80.8°N 66.8°W﻿ / 80.8; -66.8,527,327,"Annular: Ontario, Nunavut, Greenland, North Pole, Russian Far EastPartial: Northern North America, Europe, North Asia"
2021-12-04,07:34:38,152,Total,−0.9526,1.0367,1:54,76°48′S 46°12′W﻿ / ﻿76.8°S 46.2°W﻿ / -76.8; -46.2,419,260,"Total: AntarcticaPartial: Southern Africa, Antarctica, Tasmania"
2022-04-30,20:42:36,119,Partial,−1.1901,0.6396,—,62°06′S 71°30′W﻿ / ﻿62.1°S 71.5°W﻿ / -62.1; -71.5,—,—,"Partial: Southern and Central South America, Antarctica"
2022-10-25,11:01:20,124,Partial,1.0701,0.8623,—,61°36′N 77°24′E﻿ / ﻿61.6°N 77.4°E﻿ / 61.6; 77.4,—,—,"Partial: Europe, Central Asia, West Asia, South Asia, Northeast Africa"
2023-04-20,04:17:56,129,Hybrid,−0.3952,1.0132,1:16,9°36′S 125°48′E﻿ / ﻿9.6°S 125.8°E﻿ / -9.6; 125.8,49,30,"Total: Western Australia, East Timor, IndonesiaPartial: Antarctica, Australia, Oceania, Southeast Asia"
2023-10-14,18:00:41,134,Annular,0.3753,0.952,5:17,11°24′N 83°06′W﻿ / ﻿11.4°N 83.1°W﻿ / 11.4; -83.1,187,116,"Annular: Oregon, California, Nevada, Idaho, Utah, Arizona, Colorado, New Mexico, Texas, Yucatán Peninsula, Belize, Honduras, Nicaragua, Costa Rica, Panama, Colombia, BrazilPartial: North America, Central America, Caribbean, South America"
2024-04-08,18:18:29,139,Total,0.3431,1.0566,4:28,25°18′N 104°06′W﻿ / ﻿25.3°N 104.1°W﻿ / 25.3; -104.1,198,123,"Total: Mexico, Texas, Oklahoma, Arkansas, Missouri, Illinois, Indiana, Ohio, Pennsylvania, New York, Vermont, New Hampshire, Maine, Eastern CanadaPartial: Eastern Oceania, Hawaii, North America, Central America, Caribbean, Iceland, British Isles"
2024-10-02,18:46:13,144,Annular,−0.3509,0.9326,7:25,22°00′S 114°30′W﻿ / ﻿22.0°S 114.5°W﻿ / -22.0; -114.5,266,165,"Annular: Easter Island, Southern Chile, Southern ArgentinaPartial: Hawaii, Eastern Oceania, Southern and Central South America, Antarctica"
2025-03-29,10:48:36,149,Partial,1.0405,0.9376,—,61°06′N 77°06′W﻿ / ﻿61.1°N 77.1°W﻿ / 61.1; -77.1,—,—,"Partial: Northeastern United States, Eastern Canada, Greenland, Europe, Northwest Africa, Northern Russia"
2025-09-21,19:43:04,154,Partial,−1.0651,0.855,—,60°54′S 153°30′E﻿ / ﻿60.9°S 153.5°E﻿ / -60.9; 153.5,—,—,"Partial: Oceania, New Zealand, Antarctica"
2026-02-17,12:13:06,121,Annular,−0.9743,0.963,2:20,64°42′S 86°48′E﻿ / ﻿64.7°S 86.8°E﻿ / -64.7; 86.8,616,383,"Annular: AntarcticaPartial: Southern Argentina and Chile, Southern Africa, Antarctica"
2026-08-12,17:47:06,126,Total,0.8977,1.0386,2:18,65°12′N 25°12′W﻿ / ﻿65.2°N 25.2°W﻿ / 65.2; -25.2,294,183,"Total: Greenland, Iceland, Spain, Northeastern PortugalPartial: Northern North America, Europe, West Africa"
2027-02-06,16:00:48,131,Annular,−0.2952,0.9281,7:51,31°18′S 48°30′W﻿ / ﻿31.3°S 48.5°W﻿ / -31.3; -48.5,282,175,"Annular: Chile, Argentina, AtlanticPartial: South America, Antarctica, West and South Africa"
2027-08-02,10:07:50,136,Total,0.1421,1.079,6:23,25°30′N 33°12′E﻿ / ﻿25.5°N 33.2°E﻿ / 25.5; 33.2,258,160,"Total: Morocco, Spain, Algeria, Tunisia, Libya, Egypt, Saudi Arabia, Yemen, SomaliaPartial: Africa, Europe, Middle East, South Asia, Southeast Asia"
2028-01-26,15:08:59,141,Annular,0.3901,0.9208,10:27,3°00′N 51°30′W﻿ / ﻿3.0°N 51.5°W﻿ / 3.0; -51.5,323,201,"Annular: Ecuador, Peru, Colombia, Brazil, French Guiana, Portugal, SpainPartial: Central and Northern South America, Central America, Caribbean, Eastern North America, Western Europe, West Africa"
2028-07-22,02:56:40,146,Total,−0.6056,1.056,5:10,15°36′S 126°42′E﻿ / ﻿15.6°S 126.7°E﻿ / -15.6; 126.7,230,140,"Total: Australia, New ZealandPartial: Southeast Asia, Australia, Oceania"
2029-01-14,17:13:48,151,Partial,1.0553,0.8714,—,63°42′N 114°12′W﻿ / ﻿63.7°N 114.2°W﻿ / 63.7; -114.2,—,—,"Partial: North America, Central America"
2029-06-12,04:06:13,118,Partial,1.2943,0.4576,—,66°48′N 66°12′W﻿ / ﻿66.8°N 66.2°W﻿ / 66.8; -66.2,—,—,"Partial: Northern and Central Europe, Northern Russia, Greenland, Alaska, Northwestern Canada"
2029-07-11,15:37:19,156,Partial,−1.4191,0.2303,—,64°18′S 85°36′W﻿ / ﻿64.3°S 85.6°W﻿ / -64.3; -85.6,—,—,Partial: Southern Chile and Argentina
2029-12-05,15:03:58,123,Partial,−1.0609,0.8911,—,67°30′S 135°42′E﻿ / ﻿67.5°S 135.7°E﻿ / -67.5; 135.7,—,—,"Partial: Extreme Southern Argentina and Chile, Antarctica"
2030-06-01,06:29:13,128,Annular,0.5626,0.9443,5:21,56°30′N 80°06′E﻿ / ﻿56.5°N 80.1°E﻿ / 56.5; 80.1,250,160,"Annular: Algeria, Tunisia, Libya, Malta, Greece, Turkey, Bulgaria, Ukraine, Russia, Kazakhstan, China, JapanPartial: North Africa, Europe, Asia, Alaska, Northern Canada"
2030-11-25,06:51:37,133,Total,−0.3867,1.0468,3:44,43°36′S 71°12′E﻿ / ﻿43.6°S 71.2°E﻿ / -43.6; 71.2,169,105,"Total: Namibia, Botswana, South Africa, Lesotho, AustraliaPartial: Central Africa, Southern Africa, Antarctica, Australia, Indonesia"
2031-05-21,07:16:04,138,Annular,−0.197,0.9589,5:26,8°54′N 71°42′E﻿ / ﻿8.9°N 71.7°E﻿ / 8.9; 71.7,152,94,"Annular: Angola, Zambia, Democratic Republic of the Congo, Tanzania, India, Sri Lanka, Andaman and Nicobar Islands, Thailand, Malaysia, IndonesiaPartial: Africa, Middle East, South Asia, Southeast Asia, Australia"
2031-11-14,21:07:31,143,Hybrid,0.3078,1.0106,1:08,0°36′S 137°36′W﻿ / ﻿0.6°S 137.6°W﻿ / -0.6; -137.6,38,24,"Annular: PanamaPartial: Oceania, Hawaii, Southern North America, Central America, Caribbean, Northwestern South America"
2032-05-09,13:26:42,148,Annular,−0.9375,0.9957,0:22,51°18′S 7°06′W﻿ / ﻿51.3°S 7.1°W﻿ / -51.3; -7.1,44,27,"Annular: NonePartial: Southern South America, Southern Africa"
2032-11-03,05:34:13,153,Partial,1.0643,0.8554,—,70°24′N 132°36′E﻿ / ﻿70.4°N 132.6°E﻿ / 70.4; 132.6,—,—,"Partial: Asia, Eastern Europe"
2033-03-30,18:02:36,120,Total,0.9778,1.0462,2:37,71°18′N 155°48′W﻿ / ﻿71.3°N 155.8°W﻿ / 71.3; -155.8,781,485,"Total: Russian Far East, AlaskaPartial: Eastern Russia, Hawaii, North America, Greenland, Iceland"
2033-09-23,13:54:31,125,Partial,−1.1583,0.689,—,72°12′S 121°12′W﻿ / ﻿72.2°S 121.2°W﻿ / -72.2; -121.2,—,—,"Partial: Southern South America, Antarctica"
2034-03-20,10:18:45,130,Total,0.2894,1.0458,4:09,16°06′N 22°12′E﻿ / ﻿16.1°N 22.2°E﻿ / 16.1; 22.2,159,99,"Total: Nigeria, Cameroon, Chad, Sudan, Egypt, Saudi Arabia, Kuwait, Iran, Afghanistan, Pakistan, India, ChinaPartial: Eastern Brazil, Africa, Europe, Middle East, Central Asia, South Asia"
2034-09-12,16:19:28,135,Annular,−0.3936,0.9736,2:58,18°12′S 72°36′W﻿ / ﻿18.2°S 72.6°W﻿ / -18.2; -72.6,102,63,"Annular: Chile, Bolivia, Argentina, Paraguay, BrazilPartial: Central America, Caribbean, South America, Antarctica"
2035-03-09,23:05:54,140,Annular,−0.4368,0.9919,0:48,29°00′S 154°54′W﻿ / ﻿29.0°S 154.9°W﻿ / -29.0; -154.9,31,19,"Annular: New ZealandPartial: Australia, Oceania, Antarctica, Central Mexico"
2035-09-02,01:56:46,145,Total,0.3727,1.032,2:54,29°06′N 158°00′E﻿ / ﻿29.1°N 158.0°E﻿ / 29.1; 158.0,116,72,"Total: Northern China, North Korea, JapanPartial: Asia, Northern Oceania, Hawaii, Alaska, Western United States"
2036-02-27,04:46:49,150,Partial,−1.1942,0.6286,—,71°36′S 131°24′W﻿ / ﻿71.6°S 131.4°W﻿ / -71.6; -131.4,—,—,"Partial: Antarctica, Southeastern Australia, New Zealand"
2036-07-23,10:32:06,117,Partial,−1.425,0.1991,—,68°54′S 3°36′E﻿ / ﻿68.9°S 3.6°E﻿ / -68.9; 3.6,—,—,Partial: Northern East Antarctica
2036-08-21,17:25:45,155,Partial,1.0825,0.8622,—,71°06′N 47°00′E﻿ / ﻿71.1°N 47.0°E﻿ / 71.1; 47.0,—,—,"Partial: Russian Far East, Alaska, Canada, Greenland, Western Europe, Northwest Africa"
2037-01-16,09:48:55,122,Partial,1.1477,0.7049,—,68°30′N 20°48′E﻿ / ﻿68.5°N 20.8°E﻿ / 68.5; 20.8,—,—,"Partial: Europe, North Africa, the Middle East, Central Asia"
2037-07-13,02:40:36,127,Total,−0.7246,1.0413,3:58,24°48′S 139°06′E﻿ / ﻿24.8°S 139.1°E﻿ / -24.8; 139.1,201,125,"Total: Australia and New ZealandPartial: Indonesia, Australia, Oceania"
2038-01-05,13:47:11,132,Annular,0.4169,0.9728,3:18,2°06′N 25°24′W﻿ / ﻿2.1°N 25.4°W﻿ / 2.1; -25.4,107,66,"Annular: Cuba, Haiti, Dominican Republic, Saint Lucia, Saint Vincent and the Grenadines, Barbados, Liberia, Côte d'Ivoire, Ghana, Togo, Benin, Nigeria, Niger, Chad, Libya, Sudan, EgyptPartial: Eastern North America, Central America, Caribbean, Northern South America, Europe, Africa"
2038-07-02,13:32:55,137,Annular,0.0398,0.9911,1:00,25°24′N 21°54′W﻿ / ﻿25.4°N 21.9°W﻿ / 25.4; -21.9,31,19,"Annular: Colombia, Venezuela, Grenada, Barbados, Western Sahara, Mauritania, Mali, Algeria, Niger, Chad, Sudan, South Sudan, Ethiopia, Kenya, SomaliaPartial: Eastern North America, Central America, Caribbean, Northern South America, Africa, Western Europe, Middle East"
2038-12-26,01:00:10,142,Total,−0.2881,1.0268,2:18,40°18′S 164°00′E﻿ / ﻿40.3°S 164.0°E﻿ / -40.3; 164.0,95,59,"Total: Australia, New ZealandPartial: Southeast Asia, Australia, Antarctica, Oceania"
2039-06-21,17:12:54,147,Annular,0.8312,0.9454,4:05,78°54′N 102°06′W﻿ / ﻿78.9°N 102.1°W﻿ / 78.9; -102.1,365,227,"Annular: Alaska, Northern Canada, Greenland, Norway, Sweden, Finland, Estonia, Latvia, Lithuania, Western Russia, BelarusPartial: Hawaii, North America, Europe, Northwest Africa, Northern Russia"
2039-12-15,16:23:46,152,Total,−0.9458,1.0356,1:51,80°54′S 172°48′E﻿ / ﻿80.9°S 172.8°E﻿ / -80.9; 172.8,380,240,"Total: AntarcticaPartial: Extreme Southern South America, Southern South Africa, Antarctica"
2040-05-11,03:43:02,119,Partial,−1.2529,0.5306,—,62°48′S 174°24′E﻿ / ﻿62.8°S 174.4°E﻿ / -62.8; 174.4,—,—,"Partial: Australia, New Zealand, Oceania, Antarctica"
2040-11-04,19:09:02,124,Partial,1.0993,0.8074,—,62°12′N 53°24′W﻿ / ﻿62.2°N 53.4°W﻿ / 62.2; -53.4,—,—,"Partial: North America, Central America, Caribbean, Northern South America"
2041-04-30,11:52:21,129,Total,−0.4492,1.0189,1:51,9°36′S 12°12′E﻿ / ﻿9.6°S 12.2°E﻿ / -9.6; 12.2,72,45,"Total: Angola, Democratic Republic of the Congo, Uganda, Kenya, SomaliaPartial: Eastern South America, Africa, Antarctica, Middle East, South Asia"
2041-10-25,01:36:22,134,Annular,0.4133,0.9467,6:07,9°54′N 162°54′E﻿ / ﻿9.9°N 162.9°E﻿ / 9.9; 162.9,213,132,"Annular: Mongolia, Northeastern China, North Korea, Japan, Marshall Islands, KiribatiPartial: East Asia, Southeast Asia, Northeastern Australia, Oceania, Hawaii"
2042-04-20,02:17:30,139,Total,0.2956,1.0614,4:51,27°00′N 137°18′E﻿ / ﻿27.0°N 137.3°E﻿ / 27.0; 137.3,210,130,"Total: Western Indonesia, Eastern Malaysia, Brunei, PhilippinesPartial: South Asia, Southeast Asia, Northern Australia, East Asia, Northeast Asia, Hawaii, Northwestern North America"
2042-10-14,02:00:42,144,Annular,−0.303,0.93,7:44,23°42′S 137°48′E﻿ / ﻿23.7°S 137.8°E﻿ / -23.7; 137.8,273,170,"Annular: Andaman and Nicobar Islands, Thailand, Malaysia, Indonesia, East Timor, Australia, New ZealandPartial: Southeast Asia, Australia, Oceania, Antarctica"
2043-04-09,18:57:49,149,Total (non-central),1.0031,1.0095,—,61°18′N 152°00′E﻿ / ﻿61.3°N 152.0°E﻿ / 61.3; 152.0,—,—,"Total: Russian Far EastPartial: Eastern Russia, Alaska, Hawaii, Canada, Northwestern United States, Greenland, Iceland"
2043-10-03,03:01:49,154,Annular (non-central),1.0102,0.9497,—,61°00′S 35°18′E﻿ / ﻿61.0°S 35.3°E﻿ / -61.0; 35.3,—,—,"Annular: NonePartial: Madagascar, Antarctica, Southwestern Australia"
2044-02-28,20:24:40,121,Annular,−0.9954,0.96,2:27,62°12′S 25°36′W﻿ / ﻿62.2°S 25.6°W﻿ / -62.2; -25.6,—,—,"Annular: NonePartial: Antarctica, South America"
2044-08-23,01:17:02,126,Total,0.9613,1.0364,2:04,64°18′N 120°24′W﻿ / ﻿64.3°N 120.4°W﻿ / 64.3; -120.4,453,281,"Total: Greenland, Nunavut, Northwest Territories, British Columbia, Alberta, Saskatchewan, Montana, North Dakota, South DakotaPartial: Northern Russia, Alaska, Western Canada, Western United States, Hawaii"
2045-02-16,23:56:07,131,Annular,−0.3125,0.9285,7:47,28°18′S 166°12′W﻿ / ﻿28.3°S 166.2°W﻿ / -28.3; -166.2,281,175,"Annular: New Zealand, Cook Islands, French Polynesia, KiribatiPartial: Australia, Antarctica, Oceania, Hawaii, Southwestern North America"
2045-08-12,17:42:39,136,Total,0.2116,1.0774,6:06,25°54′N 78°30′W﻿ / ﻿25.9°N 78.5°W﻿ / 25.9; -78.5,256,159,"Total: California, Nevada, Utah, Colorado, Kansas, Oklahoma, Texas, Arkansas, Louisiana, Mississippi, Alabama, Georgia, Florida, Bahamas, Turks and Caicos Islands, Dominican Republic, Haiti, Venezuela, Trinidad and Tobago, Guyana, Suriname, French Guiana, BrazilPartial: Russian Far East, Hawaii, North America, Central America, Caribbean, Northern and Central South America, West Africa"
2046-02-05,23:06:26,141,Annular,0.3765,0.9232,9:42,4°48′N 171°24′W﻿ / ﻿4.8°N 171.4°W﻿ / 4.8; -171.4,310,190,"Annular: Eastern Indonesia, Papua New Guinea, Solomon Islands, Kiribati, Hawaii, California, Oregon, Nevada, IdahoPartial: Indonesia, Philippines, Japan, Australia, Oceania, Western North America"
2046-08-02,10:21:13,146,Total,−0.535,1.0531,4:51,12°42′S 15°12′E﻿ / ﻿12.7°S 15.2°E﻿ / -12.7; 15.2,206,128,"Total: Eastern Brazil, Angola, Namibian Panhandle, Botswana, South Africa, Eswatini, Southern Mozambique, Kerguelen IslandsPartial: Eastern South America, Africa, East Antarctica"
2047-01-26,01:33:18,151,Partial,1.045,0.8907,—,62°54′N 111°42′E﻿ / ﻿62.9°N 111.7°E﻿ / 62.9; 111.7,—,—,"Partial: East Asia, Southeast Asia, Southwestern Alaska"
2047-06-23,10:52:31,118,Partial,1.3766,0.3129,—,65°48′N 178°00′W﻿ / ﻿65.8°N 178.0°W﻿ / 65.8; -178.0,—,—,"Partial: Northern Canada, Northern Alaska, Northern Greenland, Northeast Asia"
2047-07-22,22:36:17,156,Partial,−1.3477,0.3604,—,63°24′S 160°12′E﻿ / ﻿63.4°S 160.2°E﻿ / -63.4; 160.2,—,—,"Partial: Southeastern Australia, New Zealand"
2047-12-16,23:50:12,123,Partial,−1.0661,0.8816,—,66°24′S 6°36′W﻿ / ﻿66.4°S 6.6°W﻿ / -66.4; -6.6,—,—,"Partial: Antarctica, Southern Chile and Argentina"
2048-06-11,12:58:53,128,Annular,0.6468,0.9441,4:58,63°42′N 11°30′W﻿ / ﻿63.7°N 11.5°W﻿ / 63.7; -11.5,272,169,"Annular: Colorado, Kansas, Nebraska, Missouri, Iowa, Minnesota, Illinois, Wisconsin, Michigan, Eastern Canada, Greenland, Iceland, Faroe Islands, Norway, Sweden, Estonia, Latvia, Lithuania, Belarus, Western Russia, Ukraine, Kazakhstan, Uzbekistan, Turkmenistan, Tajikistan, Afghanistan, PakistanPartial: North America, Central America, Caribbean, Europe, North Africa, Middle East, Central Asia"
2048-12-05,15:35:27,133,Total,−0.3973,1.044,3:28,46°06′S 56°24′W﻿ / ﻿46.1°S 56.4°W﻿ / -46.1; -56.4,160,99,"Total: Chile, Argentina, Namibia, BotswanaPartial: Southern and Central South America, Antarctica, Southern Africa"
2049-05-31,13:59:59,138,Annular,−0.1187,0.9631,4:45,15°18′N 29°54′W﻿ / ﻿15.3°N 29.9°W﻿ / 15.3; -29.9,134,83,"Annular: Peru, Ecuador, Colombia, Brazil, Venezuela, Guyana, Suriname, Cape Verde, Senegal, Gambia, Mali, Guinea, Burkina Faso, Côte d'Ivoire, Ghana, Togo, Benin, Nigeria, Cameroon, Congo, Democratic Republic of the Congo, Burundi, TanzaniaPartial: Central America, Caribbean, Northern and Central South America, Southeastern United States, Africa, Southern Europe, Middle East"
2049-11-25,05:33:48,143,Hybrid,0.2943,1.0057,0:38,3°48′S 95°12′E﻿ / ﻿3.8°S 95.2°E﻿ / -3.8; 95.2,21,13,"Total: IndonesiaAnnular: Saudi Arabia, Yemen, MicronesiaPartial: East Africa, Middle East, Central Asia, South Asia, Southeast Asia, Australia"
2050-05-20,20:42:50,148,Hybrid,−0.8688,1.0038,0:21,40°06′S 123°42′W﻿ / ﻿40.1°S 123.7°W﻿ / -40.1; -123.7,27,17,"Hybrid: NonePartial: New Zealand, Eastern Oceania, Western South America"
2050-11-14,13:30:53,153,Partial,1.0447,0.8874,—,69°30′N 1°00′E﻿ / ﻿69.5°N 1.0°E﻿ / 69.5; 1.0,—,—,"Partial: Northeastern United States, Eastern Canada, Greenland, Europe, West Africa, North Africa"
2051-04-11,02:10:39,120,Partial,1.0169,0.9849,—,71°36′N 32°12′E﻿ / ﻿71.6°N 32.2°E﻿ / 71.6; 32.2,—,—,"Partial: Asia, Alaska, Western Canada"
2051-10-04,21:02:14,125,Partial,−1.2094,0.6024,—,72°00′S 117°42′E﻿ / ﻿72.0°S 117.7°E﻿ / -72.0; 117.7,—,—,"Partial: Southeastern Australia, New Zealand, Antarctica"
2052-03-30,18:31:53,130,Total,0.3238,1.0466,4:08,22°24′N 102°30′W﻿ / ﻿22.4°N 102.5°W﻿ / 22.4; -102.5,164,102,"Total: Central Mexico, Southern Texas, Louisiana, Alabama, Florida, Georgia, South CarolinaPartial: Hawaii, North America, Central America, Caribbean, Northern South America"
2052-09-22,23:39:10,135,Annular,−0.448,0.9734,2:51,25°42′S 175°00′E﻿ / ﻿25.7°S 175.0°E﻿ / -25.7; 175.0,106,66,"Annular: Southern Indonesia, East Timor, Northern Queensland, New CaledoniaPartial: Australia, Indonesia, Philippines, Oceania, Antarctica"
2053-03-20,07:08:19,140,Annular,−0.4089,0.9919,0:50,23°00′S 83°00′E﻿ / ﻿23.0°S 83.0°E﻿ / -23.0; 83.0,31,19,"Annular: Southern IndonesiaPartial: Southern Africa, Southeast Asia, Australia, Antarctica"
2053-09-12,09:34:09,145,Total,0.314,1.0328,3:04,21°30′N 41°42′E﻿ / ﻿21.5°N 41.7°E﻿ / 21.5; 41.7,116,72,"Total: Spain, Morocco, Algeria, Tunisia, Libya, Egypt, Saudi Arabia, Yemen, Maldives, Western IndonesiaPartial: North and Central Africa, Europe, Middle East, Central Asia, South Asia, Southeast Asia"
2054-03-09,12:33:40,150,Partial,−1.1711,0.6678,—,72°00′S 97°54′E﻿ / ﻿72.0°S 97.9°E﻿ / -72.0; 97.9,—,—,"Partial: Antarctica, South Africa, Southern Madagascar"
2054-08-03,18:04:02,117,Partial,−1.4941,0.0655,—,69°48′S 121°18′W﻿ / ﻿69.8°S 121.3°W﻿ / -69.8; -121.3,—,—,Partial: Antarctica
2054-09-02,01:09:34,155,Partial,1.0215,0.9793,—,71°42′N 82°18′W﻿ / ﻿71.7°N 82.3°W﻿ / 71.7; -82.3,—,—,"Partial: Northeast Asia, Alaska, Western Canada, Western United States"
2055-01-27,17:54:05,122,Partial,1.155,0.6932,—,69°30′N 112°12′W﻿ / ﻿69.5°N 112.2°W﻿ / 69.5; -112.2,—,—,Partial: North America
2055-07-24,09:57:50,127,Total,−0.8012,1.0359,3:17,33°18′S 25°48′E﻿ / ﻿33.3°S 25.8°E﻿ / -33.3; 25.8,202,126,Total: South AfricaPartial: Southern and Central Africa
2056-01-16,22:16:45,132,Annular,0.4199,0.9759,2:52,3°54′N 153°30′W﻿ / ﻿3.9°N 153.5°W﻿ / 3.9; -153.5,95,59,"Annular: Marshall Islands, Northern Mexico, TexasPartial: Oceania, Hawaii, Western and Central North America, Central America"
2056-07-12,20:21:59,137,Annular,−0.0426,0.9878,1:26,19°24′N 123°42′W﻿ / ﻿19.4°N 123.7°W﻿ / 19.4; -123.7,43,27,"Annular: Kiribati, Ecuador, Colombia, Northern Peru, Western BrazilPartial: Oceania, Hawaii, United States, Mexico, Central America, Caribbean, Western South America"
2057-01-05,09:47:52,142,Total,−0.2837,1.0287,2:29,39°12′S 35°12′E﻿ / ﻿39.2°S 35.2°E﻿ / -39.2; 35.2,102,63,"Total: NonePartial: Eastern South America, Southern Africa, Antarctica, Southeast Asia, Western Australia"
2057-07-01,23:40:15,147,Annular,0.7455,0.9464,4:23,71°30′N 176°12′W﻿ / ﻿71.5°N 176.2°W﻿ / 71.5; -176.2,298,185,"Annular: Northwest China, Mongolia, Eastern Russia, Alaska, Western and Central Canada, Minnesota, Michigan, Western New YorkPartial: East Asia, Northeast Asia, Northern Europe, North America"
2057-12-26,01:14:35,152,Total,−0.9405,1.0348,1:50,84°54′S 21°48′E﻿ / ﻿84.9°S 21.8°E﻿ / -84.9; 21.8,355,221,Total: AntarcticaPartial: Antarctica
2058-05-22,10:39:25,119,Partial,−1.3194,0.4141,—,63°30′S 61°06′E﻿ / ﻿63.5°S 61.1°E﻿ / -63.5; 61.1,—,—,"Partial: Antarctica, Southern South Africa, Southern Madagascar"
2058-06-21,00:19:35,157,Partial,1.4869,0.126,—,65°54′N 9°54′E﻿ / ﻿65.9°N 9.9°E﻿ / 65.9; 9.9,—,—,"Partial: Western Russia, Scandinavia, Greenland"
2058-11-16,03:23:07,124,Partial,1.1224,0.7644,—,62°54′N 174°12′E﻿ / ﻿62.9°N 174.2°E﻿ / 62.9; 174.2,—,—,Partial: Northeast Asia
2059-05-11,19:22:16,129,Total,−0.508,1.0242,2:23,10°42′S 100°24′W﻿ / ﻿10.7°S 100.4°W﻿ / -10.7; -100.4,95,59,"Total: Ecuador, Peru, Southern Colombia, BrazilPartial: Eastern Oceania, South America, Central America, Caribbean"
2059-11-05,09:18:15,134,Annular,0.4454,0.9417,7:00,8°42′N 47°06′E﻿ / ﻿8.7°N 47.1°E﻿ / 8.7; 47.1,238,148,"Annular: France, Spain, Andorra, Italy, Libya, Egypt, Sudan, Eritrea, Yemen, Ethiopia, Somalia, Maldives, Western IndonesiaPartial: Europe, Africa, Asia"
2060-04-30,10:10:00,139,Total,0.2422,1.066,5:15,28°00′N 20°54′E﻿ / ﻿28.0°N 20.9°E﻿ / 28.0; 20.9,222,138,"Total: Côte d'Ivoire, Ghana, Togo, Benin, Burkina Faso, Nigeria, Niger, Chad, Libya, Egypt, Cyprus, Turkey, Syria, Armenia, Azerbaijan, Iran, Turkmenistan, Uzbekistan, Kazakhstan, Kyrgyzstan, ChinaPartial: Eastern Brazil, Africa, Europe, Asia"
2060-10-24,09:24:10,144,Annular,−0.2625,0.9277,8:06,25°48′S 28°06′E﻿ / ﻿25.8°S 28.1°E﻿ / -25.8; 28.1,281,175,"Annular: Guinea, Sierra Leone, Liberia, Côte d'Ivoire, Annobón Natural Reserve, Angola, Namibia, Botswana, South AfricaPartial: Eastern Brazil, Africa, Antarctica"
2061-04-20,02:56:49,149,Total,0.9578,1.0475,2:37,64°30′N 59°12′E﻿ / ﻿64.5°N 59.2°E﻿ / 64.5; 59.2,559,347,"Total: Eastern Ukraine, Russia, Western Kazakhstan, SvalbardPartial: Eastern Europe, Asia, Alaska, Northwestern Canada"
2061-10-13,10:32:10,154,Annular,−0.9639,0.9469,3:41,62°06′S 54°24′W﻿ / ﻿62.1°S 54.4°W﻿ / -62.1; -54.4,743,462,"Annular: Southern Chile and Argentina, Falkland Islands, AntarcticaPartial: South America, Antarctica"
2062-03-11,04:26:16,121,Partial,−1.0238,0.9331,—,61°00′S 147°06′W﻿ / ﻿61.0°S 147.1°W﻿ / -61.0; -147.1,—,—,"Partial: Antarctica, Eastern Australia, New Zealand, Oceania"
2062-09-03,08:54:27,126,Partial,1.0191,0.9749,—,61°18′N 150°18′E﻿ / ﻿61.3°N 150.3°E﻿ / 61.3; 150.3,—,—,"Partial: Greenland, Northern Europe, Asia"
2063-02-28,07:43:30,131,Annular,−0.336,0.9293,7:41,25°12′S 77°42′E﻿ / ﻿25.2°S 77.7°E﻿ / -25.2; 77.7,280,170,"Annular: Prince Edward Islands, Western Indonesia, Malaysia, Brunei, Southern PhilippinesPartial: Southern Africa, Antarctica, Australia, Southeast Asia"
2063-08-24,01:22:11,136,Total,0.2771,1.075,5:49,25°36′N 168°24′E﻿ / ﻿25.6°N 168.4°E﻿ / 25.6; 168.4,252,157,"Total: Northern China, Mongolia, North Korea, Southern Primorsky Krai of Russia, Northern Japan, French PolynesiaPartial: East Asia, North Asia, Hawaii, Oceania"
2064-02-17,07:00:23,141,Annular,0.3597,0.9262,8:56,7°00′N 69°42′E﻿ / ﻿7.0°N 69.7°E﻿ / 7.0; 69.7,295,183,"Annular: Southeastern Congo, Northern Angola, Democratic Republic of the Congo, Northern Zambia, Tanzania, Seychelles, India, Nepal, Northwestern Bangladesh, Bhutan, ChinaPartial: Africa, Asia"
2064-08-12,17:46:06,146,Total,−0.4652,1.0495,4:28,10°54′S 96°00′W﻿ / ﻿10.9°S 96.0°W﻿ / -10.9; -96.0,184,114,"Total: Chile and ArgentinaPartial: Eastern Oceania, Mexico, Central America, South America, Antarctica"
2065-02-05,09:52:26,151,Partial,1.0336,0.9123,—,62°12′N 21°54′W﻿ / ﻿62.2°N 21.9°W﻿ / 62.2; -21.9,—,—,"Partial: North Africa, West Africa, Europe, Central Asia"
2065-07-03,17:33:52,118,Partial,1.4619,0.1638,—,64°48′N 71°54′E﻿ / ﻿64.8°N 71.9°E﻿ / 64.8; 71.9,—,—,"Partial: Northern Europe, Northern Russia"
2065-08-02,05:34:17,156,Partial,−1.2759,0.4903,—,62°42′S 46°30′E﻿ / ﻿62.7°S 46.5°E﻿ / -62.7; 46.5,—,—,"Partial: Eastern South Africa, Southern Madagascar, Antarctica"
2065-12-27,08:39:56,123,Partial,−1.0688,0.8769,—,65°24′S 149°12′W﻿ / ﻿65.4°S 149.2°W﻿ / -65.4; -149.2,—,—,"Partial: Antarctica, Southern Australia"
2066-06-22,19:25:48,128,Annular,0.733,0.9435,4:40,70°06′N 96°24′W﻿ / ﻿70.1°N 96.4°W﻿ / 70.1; -96.4,309,192,"Annular: Russian Far East, Alaska, Northern Canada, AzoresPartial: Northern Russia, Canada, Greenland, United States, Caribbean, Northern Europe, Western Europe"
2066-12-17,00:23:40,133,Total,−0.4043,1.0416,3:14,47°24′S 175°48′E﻿ / ﻿47.4°S 175.8°E﻿ / -47.4; 175.8,152,94,"Total: Southwestern Australia, Stewart IslandPartial: Indonesia, Australia, Antarctica, Oceania"
2067-06-11,20:42:26,138,Annular,−0.0387,0.967,4:05,21°00′N 130°12′W﻿ / ﻿21.0°N 130.2°W﻿ / 21.0; -130.2,119,74,"Annular: Kiribati, Ecuador, Peru, Southern Colombia, Western BrazilPartial: Oceania, Hawaii, Southern North America, Central America, Caribbean, Western South America"
2067-12-06,14:03:43,143,Hybrid,0.2845,1.0011,0:08,6°00′S 32°24′W﻿ / ﻿6.0°S 32.4°W﻿ / -6.0; -32.4,4,2.5,"Total: BrazilAnnular: Southeastern Mexico, Guatemala, Belize, Honduras, Nicaragua, Colombia, Venezuela, Brazil, Guyana, Nigeria, Cameroon, Chad, Sudan
Partial: Eastern North America, Central America, Caribbean, Northern and Central South America, Southern Europe, Africa"
2068-05-31,03:56:39,148,Total,−0.797,1.011,1:06,31°00′S 123°12′E﻿ / ﻿31.0°S 123.2°E﻿ / -31.0; 123.2,63,39,"Total: Australia, New ZealandPartial: Australia, Indonesia, Antarctica, Western Oceania"
2068-11-24,21:32:30,153,Partial,1.0299,0.9109,—,68°30′N 131°06′W﻿ / ﻿68.5°N 131.1°W﻿ / 68.5; -131.1,—,—,"Partial: Russian Far East, North America"
2069-04-21,10:11:09,120,Partial,1.0624,0.8992,—,71°00′N 101°18′W﻿ / ﻿71.0°N 101.3°W﻿ / 71.0; -101.3,—,—,"Partial: Eastern Canada, Greenland, Europe, North Asia"
2069-05-20,17:53:18,158,Partial,−1.4852,0.0879,—,68°48′S 69°54′W﻿ / ﻿68.8°S 69.9°W﻿ / -68.8; -69.9,—,—,"Partial: Antarctic Peninsula, Extreme Southern Chile and Argentina"
2069-10-15,04:19:56,125,Partial,−1.2524,0.5298,—,71°36′S 5°30′W﻿ / ﻿71.6°S 5.5°W﻿ / -71.6; -5.5,—,—,Partial: Antarctica
2070-04-11,02:36:09,130,Total,0.3652,1.0472,4:04,29°06′N 135°06′E﻿ / ﻿29.1°N 135.1°E﻿ / 29.1; 135.1,168,104,"Total: Sri Lanka, Andaman and Nicobar Islands, Myanmar, Thailand, Cambodia, Laos, Vietnam, Southern Taiwan, Nanpō IslandsPartial: Asia, Alaska, Hawaii, Western Canada"
2070-10-04,07:08:57,135,Annular,−0.495,0.9731,2:44,32°48′S 60°24′E﻿ / ﻿32.8°S 60.4°E﻿ / -32.8; 60.4,110,68,"Annular: Angola, Zambia, Zimbabwe, Mozambique, MadagascarPartial: Central Africa, Southern Africa, East Africa, Antarctica, Australia"
2071-03-31,15:01:06,140,Annular,−0.3739,0.9919,0:52,16°42′S 37°00′W﻿ / ﻿16.7°S 37.0°W﻿ / -16.7; -37.0,31,19,"Annular: Chile, Argentina, Brazil, Congo, Democratic Republic of the CongoPartial: South America, Antarctica, Africa"
2071-09-23,17:20:28,145,Total,0.262,1.0333,3:11,14°12′N 76°42′W﻿ / ﻿14.2°N 76.7°W﻿ / 14.2; -76.7,116,72,"Total: Northern Mexico, Northern Colombia, Venezuela, Guyana, Northern Brazil, Suriname, French GuianaPartial: Hawaii, North America, Central America, Caribbean, Northern and Central South America, West Africa"
2072-03-19,20:10:31,150,Partial,−1.1405,0.7199,—,72°12′S 30°24′W﻿ / ﻿72.2°S 30.4°W﻿ / -72.2; -30.4,—,—,"Partial: Antarctica, Southern South America"
2072-09-12,08:59:20,155,Total,0.9655,1.0558,3:13,69°48′N 102°00′E﻿ / ﻿69.8°N 102.0°E﻿ / 69.8; 102.0,732,455,"Total: Northern and Eastern RussiaPartial: Greenland, Europe, Asia"
2073-02-07,01:55:59,122,Partial,1.1651,0.6768,—,70°30′N 114°54′E﻿ / ﻿70.5°N 114.9°E﻿ / 70.5; 114.9,—,—,"Partial: East Asia, Northeast Asia, Western Alaska"
2073-08-03,17:15:23,127,Total,−0.8763,1.0294,2:29,43°12′S 89°24′W﻿ / ﻿43.2°S 89.4°W﻿ / -43.2; -89.4,206,128,"Total: Southern Chile and ArgentinaPartial: Central and Southern South America, Antarctic Peninsula"
2074-01-27,06:44:15,132,Annular,0.4251,0.9798,2:21,6°36′N 78°48′E﻿ / ﻿6.6°N 78.8°E﻿ / 6.6; 78.8,79,49,"Annular: Eastern Chad, Sudan, Northern South Sudan, Ethiopia, Somalia, Maldives, Sri Lanka, Andaman and Nicobar Islands, Myanmar, Thailand, Laos, Vietnam, Southeastern China, Southwestern JapanPartial: Central Africa, East Africa, Eastern Europe, Asia"
2074-07-24,03:10:32,137,Annular,−0.1242,0.9838,1:57,12°48′N 133°42′E﻿ / ﻿12.8°N 133.7°E﻿ / 12.8; 133.7,58,36,"Annular: Maldives, Andaman and Nicobar Islands, Thailand, Cambodia, Vietnam, Philippines, Micronesia, TuvaluPartial: South Asia, Southeast Asia, East Asia, Northern Australia, Oceania"
2075-01-16,18:36:04,142,Total,−0.2799,1.0311,2:42,37°12′S 94°06′W﻿ / ﻿37.2°S 94.1°W﻿ / -37.2; -94.1,110,68,"Total: Chile, Argentina, Paraguay, BrazilPartial: Oceania, Antarctica, South America"
2075-07-13,06:05:44,147,Annular,0.6583,0.9467,4:45,63°06′N 95°12′E﻿ / ﻿63.1°N 95.2°E﻿ / 63.1; 95.2,262,163,"Annular: Eastern Spain, France, Monaco, Italy, San Marino, Austria, Slovenia, Croatia, Bosnia and Herzegovina, Hungary, Slovakia, Czech Republic, Northwestern Romania, Poland, Ukraine, Belarus, RussiaPartial: Europe, North Africa, Greenland, Northern Canada, Alaska, Asia"
2076-01-06,10:07:27,152,Total,−0.9373,1.0342,1:49,87°12′S 173°42′W﻿ / ﻿87.2°S 173.7°W﻿ / -87.2; -173.7,340,210,"Total: AntarcticaPartial: Southern South America, Antarctica, Southwestern Australia"
2076-06-01,17:31:22,119,Partial,−1.3897,0.2897,—,64°24′S 51°12′W﻿ / ﻿64.4°S 51.2°W﻿ / -64.4; -51.2,—,—,"Partial: Southern South America, Antarctic Peninsula"
2076-07-01,06:50:43,157,Partial,1.4005,0.2746,—,67°00′N 98°06′W﻿ / ﻿67.0°N 98.1°W﻿ / 67.0; -98.1,—,—,"Partial: Greenland, Northern Canada, Alaska, Russian Far East"
2076-11-26,11:43:01,124,Partial,1.1401,0.7315,—,63°42′N 40°06′E﻿ / ﻿63.7°N 40.1°E﻿ / 63.7; 40.1,—,—,"Partial: Africa, Europe, west Asia"
2077-05-22,02:46:05,129,Total,−0.5725,1.029,2:54,13°06′S 148°18′E﻿ / ﻿13.1°S 148.3°E﻿ / -13.1; 148.3,119,74,"Total: Australia, Papua New Guinea, Solomon IslandsPartial: Australia, Indonesia, Antarctica, Oceania"
2077-11-15,17:07:56,134,Annular,0.4705,0.9371,7:54,7°48′N 70°48′W﻿ / ﻿7.8°N 70.8°W﻿ / 7.8; -70.8,262,163,"Annular: Oregon, Washington, California, Idaho, Nevada, Utah, Colorado, Arizona, New Mexico, Texas, Yucatán Peninsula, Cuba, Colombia, Venezuela, Brazil, Guyana, Suriname, French GuianaPartial: North America, Central America, the Caribbean, South America, West Africa"
2078-05-11,17:56:55,139,Total,0.1838,1.0701,5:40,28°06′N 93°42′W﻿ / ﻿28.1°N 93.7°W﻿ / 28.1; -93.7,232,144,"Total: Kiribati, Mexico, Texas, Louisiana, Mississippi, Alabama, Florida, Georgia, South Carolina, North Carolina, Virginia, Eastern Canary IslandsPartial: Oceania, North America, Central America, Caribbean, Northern South America, Western Europe, Northwest Africa"
2078-11-04,16:55:44,144,Annular,−0.2285,0.9255,8:29,27°48′S 83°18′W﻿ / ﻿27.8°S 83.3°W﻿ / -27.8; -83.3,287,178,"Annular: Chile, Argentina, Tristan da CunhaPartial: Eastern Oceania, Mexico, Southwestern United States, Central America, South America, Antarctica"
2079-05-01,10:50:13,149,Total,0.9081,1.0512,2:55,66°12′N 46°18′W﻿ / ﻿66.2°N 46.3°W﻿ / 66.2; -46.3,406,252,"Total: Maryland, Delaware, Pennsylvania, New Jersey, New York, Connecticut, Massachusetts, Rhode Island, Vermont, New Hampshire, Maine Eastern Canada, GreenlandPartial: Eastern North America, Eastern Caribbean, Northwest Africa, Europe, Russia"
2079-10-24,18:11:21,154,Annular,−0.9243,0.9484,3:39,63°24′S 160°36′W﻿ / ﻿63.4°S 160.6°W﻿ / -63.4; -160.6,495,308,"Annular: New Zealand, AntarcticaPartial: Oceania, Antarctica, Southern South America"
2080-03-21,12:20:15,121,Partial,−1.0578,0.8734,—,60°54′S 85°54′E﻿ / ﻿60.9°S 85.9°E﻿ / -60.9; 85.9,—,—,"Partial: Antarctica, Southern Africa"
2080-09-13,16:38:09,126,Partial,1.0723,0.8743,—,61°06′N 25°48′E﻿ / ﻿61.1°N 25.8°E﻿ / 61.1; 25.8,—,—,"Partial: Northern North America, Europe, West Africa, North Africa"
2081-03-10,15:23:31,131,Annular,−0.3653,0.9304,7:36,22°24′S 36°42′W﻿ / ﻿22.4°S 36.7°W﻿ / -22.4; -36.7,277,172,"Annular: Chile, Argentina, Liberia, Côte d'Ivoire, Ghana, Togo, Benin, Nigeria, Cameroon, Western Central African RepublicPartial: South America, Antarctica, Africa, Southern Europe"
2081-09-03,09:07:31,136,Total,0.3378,1.072,5:33,24°36′N 53°36′E﻿ / ﻿24.6°N 53.6°E﻿ / 24.6; 53.6,247,153,"Total: France, Germany, Switzerland, Liechtenstein, Austria, Italy, Slovenia, Croatia, Hungary, Bosnia and Herzegovina, Serbia, Romania, Bulgaria, Turkey, Syria, Iraq, Bahrain, Kuwait, Western Iran, Qatar, United Arab Emirates, Eastern Saudi Arabia, Oman, Maldives, Southern IndonesiaPartial: Greenland, Europe, North Africa, Northeast Africa, the Middle East, Central Asia, South Asia, Southeast Asia"
2082-02-27,14:47:00,141,Annular,0.3361,0.9298,8:12,9°24′N 47°06′W﻿ / ﻿9.4°N 47.1°W﻿ / 9.4; -47.1,277,172,"Annular: Peru, Brazil, Suriname, French Guiana, Portugal, Spain, France, Switzerland, Italy, Southern Germany, Liechtenstein, Austria, Slovenia, Croatia, HungaryPartial: South America, Central America, Caribbean, Mexico, Southeastern United States, Eastern Canada, West Africa, North Africa, Greenland, Europe"
2082-08-24,01:16:21,146,Total,−0.4004,1.0452,4:01,10°18′S 151°48′E﻿ / ﻿10.3°S 151.8°E﻿ / -10.3; 151.8,163,101,"Total: Indonesia, Malaysia, Brunei, Papua New GuineaPartial: Southeast Asia, Australia, Oceania, Antarctica"
2083-02-16,18:06:36,151,Partial,1.017,0.9433,—,61°36′N 154°06′W﻿ / ﻿61.6°N 154.1°W﻿ / 61.6; -154.1,—,—,"Partial: Hawaii, North America"
2083-07-15,00:14:23,118,Partial,1.5465,0.0168,—,64°00′N 37°42′W﻿ / ﻿64.0°N 37.7°W﻿ / 64.0; -37.7,—,—,Partial: Greenland
2083-08-13,12:34:41,156,Partial,−1.2064,0.6146,—,62°06′S 67°30′W﻿ / ﻿62.1°S 67.5°W﻿ / -62.1; -67.5,—,—,"Partial: Southern and Central South America, Antarctica"
2084-01-07,17:30:23,123,Partial,−1.0715,0.8723,—,64°24′S 68°30′E﻿ / ﻿64.4°S 68.5°E﻿ / -64.4; 68.5,—,—,"Partial: Antarctica, Extreme Southern South America"
2084-07-03,01:50:26,128,Annular,0.8208,0.9421,4:25,75°00′N 169°06′W﻿ / ﻿75.0°N 169.1°W﻿ / 75.0; -169.1,377,234,"Annular: Russia, Alaska, Western Canada, Washington, Oregon, Idaho, California, Nevada, Utah, WyomingPartial: Scandinavia, East Asia, Russia, Hawaii, Western North America"
2084-12-27,09:13:48,133,Total,−0.4094,1.0396,3:04,47°18′S 47°42′E﻿ / ﻿47.3°S 47.7°E﻿ / -47.3; 47.7,146,91,"Total: Crozet IslandsPartial: Southern Africa, Antarctica, Australia"
2085-06-22,03:21:16,138,Annular,0.0452,0.9704,3:29,26°12′N 131°18′E﻿ / ﻿26.2°N 131.3°E﻿ / 26.2; 131.3,106,66,"Annular: India, Myanmar, China, Ryukyu Islands, Marshall Islands, KiribatiPartial: South Asia, Southeast Asia, East Asia, Oceania, Hawaii"
2085-12-16,22:37:48,143,Annular,0.2786,0.9971,0:19,7°18′S 160°48′W﻿ / ﻿7.3°S 160.8°W﻿ / -7.3; -160.8,10,6.2,"Annular: Micronesia, Southwestern MexicoPartial: Northern Australia, Oceania, Hawaii, Western North America"
2086-06-11,11:07:14,148,Total,−0.7215,1.0174,1:48,23°12′S 12°30′E﻿ / ﻿23.2°S 12.5°E﻿ / -23.2; 12.5,86,53,"Total: Namibia, Botswana, South AfricaPartial: Eastern Brazil, Southern Africa, Central Africa"
2086-12-06,05:38:55,153,Partial,1.0194,0.9271,—,67°24′N 96°12′E﻿ / ﻿67.4°N 96.2°E﻿ / 67.4; 96.2,—,—,Partial: Asia
2087-05-02,18:04:42,120,Partial,1.1139,0.8011,—,70°18′N 127°36′E﻿ / ﻿70.3°N 127.6°E﻿ / 70.3; 127.6,—,—,"Partial: Eastern Russia, Northern North America, Northern Europe"
2087-06-01,01:27:14,158,Partial,−1.4186,0.2146,—,67°48′S 165°24′E﻿ / ﻿67.8°S 165.4°E﻿ / -67.8; 165.4,—,—,Partial: New Zealand
2087-10-26,11:46:57,125,Partial,−1.2882,0.4696,—,71°00′S 130°30′W﻿ / ﻿71.0°S 130.5°W﻿ / -71.0; -130.5,—,—,"Partial: Southern South America, Antarctica"
2088-04-21,10:31:49,130,Total,0.4135,1.0474,3:58,36°00′N 15°06′E﻿ / ﻿36.0°N 15.1°E﻿ / 36.0; 15.1,173,107,"Total: Cape Verde, Mauritania, Western Sahara, Northern Mali, Algeria, Tunisia, Malta, Southern Italy, Greece, Turkey, Georgia, Southern Russia, Kazakhstan, Uzbekistan, Kyrgyzstan, Western ChinaPartial: Eastern Canada, Greenland, Europe, West Africa, North Africa, Middle East, Central Asia, South Asia, Southeast Asia"
2088-10-14,14:48:05,135,Annular,−0.5349,0.9727,2:38,39°42′S 56°00′W﻿ / ﻿39.7°S 56.0°W﻿ / -39.7; -56.0,115,71,"Annular: Chile, ArgentinaPartial: South America, Antarctica, Southern Africa"
2089-04-10,22:44:42,140,Annular,−0.3319,0.9919,0:53,10°12′S 154°48′W﻿ / ﻿10.2°S 154.8°W﻿ / -10.2; -154.8,30,19,"Annular: Southeastern Australia, Tonga, NiuePartial: Australia, Oceania, Antarctica, Mexico, Central America"
2089-10-04,01:15:23,145,Total,0.2167,1.0333,3:14,7°24′N 162°48′E﻿ / ﻿7.4°N 162.8°E﻿ / 7.4; 162.8,115,71,"Total: China, Ryukyu Islands, Northern Mariana Islands, KiribatiPartial: East Asia, Southeast Asia, Oceania, Hawaii"
2090-03-31,03:38:08,150,Partial,−1.1028,0.7843,—,72°06′S 156°18′W﻿ / ﻿72.1°S 156.3°W﻿ / -72.1; -156.3,—,—,"Partial: Antarctica, Southeastern Australia, Oceania"
2090-09-23,16:56:36,155,Total,0.9157,1.0562,3:36,60°42′N 40°30′W﻿ / ﻿60.7°N 40.5°W﻿ / 60.7; -40.5,463,288,"Total: Northern Canada, Greenland, Southern Ireland, Southern United Kingdom, France, BelgiumPartial: North America, Western Europe, West Africa"
2091-02-18,09:54:40,122,Partial,1.1779,0.6558,—,71°12′N 17°48′W﻿ / ﻿71.2°N 17.8°W﻿ / 71.2; -17.8,—,—,"Partial: Europe, North Africa, Central Asia"
2091-08-15,00:34:43,127,Total,−0.949,1.0216,1:38,55°36′S 150°30′E﻿ / ﻿55.6°S 150.5°E﻿ / -55.6; 150.5,236,147,"Total: NonePartial: Australia, Oceania, Antarctica"
2092-02-07,15:10:20,132,Annular,0.4322,0.984,1:48,9°54′N 48°42′W﻿ / ﻿9.9°N 48.7°W﻿ / 9.9; -48.7,62,39,"Annular: Panama, Colombia, Venezuela, Guyana, Canary Islands, Morocco, Algeria, TunisiaPartial: North America, Central America, Caribbean, Northern South America, West Africa, Northwest Africa, Western Europe"
2092-08-03,09:59:33,137,Annular,−0.2044,0.9794,2:31,5°36′N 30°18′E﻿ / ﻿5.6°N 30.3°E﻿ / 5.6; 30.3,75,47,"Annular: Liberia, Côte d'Ivoire, Ghana, Togo, Benin, Nigeria, Cameroon, Chad, Central African Republic, South Sudan, Uganda, Kenya, Somalia, SeychellesPartial: Eastern Brazil, Africa, Southern Europe, Middle East, South Asia"
2093-01-27,03:22:16,142,Total,−0.2737,1.034,2:58,34°06′S 136°24′E﻿ / ﻿34.1°S 136.4°E﻿ / -34.1; 136.4,119,74,"Total: AustraliaPartial: Indies, Australia, Antarctica, New Zealand"
2093-07-23,12:32:04,147,Annular,0.5717,0.9463,5:11,54°36′N 1°18′E﻿ / ﻿54.6°N 1.3°E﻿ / 54.6; 1.3,241,150,"Annular: Illinois, Indiana, Ohio, Michigan, Pennsylvania, New York, Vermont, New Hampshire, Maine, Southeastern Canada, Ireland, United Kingdom, Netherlands, Germany, Czech Republic, Poland, Slovakia, Hungary, Ukraine, Romania, Moldova, Turkey, Iraq, Iran, Pakistan, Western IndiaPartial: Eastern North America, Caribbean, Europe, North Africa, Central Asia, North Asia, South Asia"
2094-01-16,18:59:03,152,Total,−0.9333,1.0342,1:51,84°48′S 10°36′W﻿ / ﻿84.8°S 10.6°W﻿ / -84.8; -10.6,329,204,"Total: AntarcticaPartial: South America, Antarctica, New Zealand"
2094-06-13,00:22:11,119,Partial,−1.4613,0.1618,—,65°18′S 163°36′W﻿ / ﻿65.3°S 163.6°W﻿ / -65.3; -163.6,—,—,Partial: None
2094-07-12,13:24:35,157,Partial,1.3150,0.4224,—,68°00′N 152°48′E﻿ / ﻿68.0°N 152.8°E﻿ / 68.0; 152.8,—,—,"Partial: Northern North America, Scandinavia, Russia"
2094-12-07,20:05:56,124,Partial,1.1547,0.7046,—,64°42′N 95°00′W﻿ / ﻿64.7°N 95.0°W﻿ / 64.7; -95.0,—,—,Partial: North America
2095-06-02,10:07:40,129,Total,−0.6396,1.0332,3:18,16°42′S 37°12′E﻿ / ﻿16.7°S 37.2°E﻿ / -16.7; 37.2,145,90,"Total: South Africa, Namibia, Botswana, Zimbabwe, Mozambique, Southern Malawi, MadagascarPartial: Southern Africa, Central Africa, East Africa, Southern Middle East, Southern India"
2095-11-27,01:02:57,134,Annular,0.4903,0.933,8:47,7°12′N 169°48′E﻿ / ﻿7.2°N 169.8°E﻿ / 7.2; 169.8,285,177,"Annular: Northeastern China, North Korea, South Korea, Japan, Marshall Islands, KiribatiPartial: East Asia, Southeast Asia, Oceania, Hawaii, Southwestern Alaska"
2096-05-22,01:37:14,139,Total,0.1196,1.0737,6:07,27°18′N 153°24′E﻿ / ﻿27.3°N 153.4°E﻿ / 27.3; 153.4,241,150,"Total: Indonesia, PhilippinesPartial: Southeast Asia, East Asia, Northern Australia, Hawaii, Northwestern North America"
2096-11-15,00:36:15,144,Annular,−0.20,0.9237,8:53,29°42′S 163°18′E﻿ / ﻿29.7°S 163.3°E﻿ / -29.7; 163.3,294,183,"Annular: Malaysia, Brunei, Indonesia, Papua New Guinea, Northeastern Australia, New ZealandPartial: Southeast Asia, Australia, Oceania, Antarctica"
2097-05-11,18:34:31,149,Total,0.8516,1.0538,3:10,67°24′N 149°30′W﻿ / ﻿67.4°N 149.5°W﻿ / 67.4; -149.5,339,211,"Total: Alaska, Svalbard, Eastern Norway, Northwestern RussiaPartial: Hawaii, Northern Russia, Canada, Northwestern United States, Greenland, Northern Europe"
2097-11-04,02:01:25,154,Annular,−0.8926,0.9494,3:36,65°48′S 86°48′E﻿ / ﻿65.8°S 86.8°E﻿ / -65.8; 86.8,411,255,"Annular: AntarcticaPartial: Southwestern Australia, Antarctica"
2098-04-01,20:02:31,121,Partial,−1.1005,0.7984,—,61°00′S 38°06′W﻿ / ﻿61.0°S 38.1°W﻿ / -61.0; -38.1,—,—,"Partial: Antarctica, Southern and Central South America"
2098-09-25,00:31:16,126,Partial,1.14,0.7871,—,61°06′N 101°00′W﻿ / ﻿61.1°N 101.0°W﻿ / 61.1; -101.0,—,—,"Partial: Russian Far East, Hawaii, Western North America"
2098-10-24,10:36:11,164,Partial,−1.5407,0.0056,—,61°48′S 95°30′W﻿ / ﻿61.8°S 95.5°W﻿ / -61.8; -95.5,—,—,Partial: None
2099-03-21,22:54:32,131,Annular,−0.4016,0.93,7:32,20°00′S 149°00′W﻿ / ﻿20.0°S 149.0°W﻿ / -20.0; -149.0,275,171,"Annular: Auckland Islands, Chatham Island, French PolynesiaPartial: Eastern Australia, Oceania, Antarctica, Hawaii, Mexico, Central America, Southwestern United States"
2099-09-14,16:57:53,136,Total,0.3942,1.0684,5:18,23°24′N 62°48′W﻿ / ﻿23.4°N 62.8°W﻿ / 23.4; -62.8,241,150,"Total: Southwestern Canada, Montana, North Dakota, South Dakota, Minnesota, Wisconsin, Illinois, Indiana, Michigan, Ohio, Pennsylvania, West Virginia, Maryland, Virginia, North CarolinaPartial: North America, Central America, Caribbean, Northern South America, Iberian Peninsula, West Africa"
2100-03-10,22:28:11,141,Annular,0.3077,0.9338,7:29,12°00′N 162°24′W﻿ / ﻿12.0°N 162.4°W﻿ / 12.0; -162.4,257,160,"Annular: Northeastern Australia, Papua New Guinea, Solomon Islands, Tuvalu, Hawaii, California, Oregon, Nevada, Idaho, Montana, Wyoming, North Dakota, South Dakota, MinnesotaPartial: Australia, Oceania, North America"
2100-09-04,08:49:20,146,Total,−0.3384,1.0402,3:32,10°30′S 39°00′E﻿ / ﻿10.5°S 39.0°E﻿ / -10.5; 39.0,142,88,"Total: Sierra Leone, Guinea, Côte d'Ivoire, Ghana, Togo, Benin, Nigeria, Cameroon, Central African Republic, Democratic Republic of the Congo, Rwanda, Uganda, Burundi, Tanzania, Mozambique, MadagascarPartial: Africa, Southern Europe, Middle East, Antarctica"
