Date,Time_of_greatest_eclipse_terrestrial_time,Saros,Type,Gamma,Magnitude,Central_duration_min_s,Latitude,Longitude,Path_width_km,Path_width_miles
2001-06-21,12:04:46,127,Total,−0.5701,1.0495,4:57,-11.3,2.7,200,120
2001-12-14,20:53:01,132,Annular,0.4089,0.9681,3:53,0.6,-130.7,126,78
2002-06-10,23:45:22,137,Annular,0.1993,0.9962,0:23,34.5,-178.6,13,8.1
2002-12-04,07:32:16,142,Total,−0.302,1.0244,2:04,-39.5,59.6,87,54
2003-05-31,04:09:22,147,Annular,0.996,0.9384,3:37,66.6,-24.5,—,—
2003-11-23,22:50:22,152,Total,−0.9638,1.0379,1:57,-72.7,88.4,495,308
2004-04-19,13:35:05,119,Partial,−1.1335,0.7367,—,-61.6,44.3,—,—
2004-10-14,03:00:23,124,Partial,1.0348,0.9282,—,61.2,-153.7,—,—
2005-04-08,20:36:51,129,Hybrid,−0.3473,1.0074,0:42,-10.6,-119.0,27,17
2005-10-03,10:32:47,134,Annular,0.3306,0.9576,4:32,12.9,28.7,162,101
2006-03-29,10:12:23,139,Total,0.3843,1.0515,4:07,23.2,16.7,184,114
2006-09-22,11:41:16,144,Annular,−0.4062,0.9352,7:09,-20.6,-9.1,261,162
2007-03-19,02:32:57,149,Partial,1.0728,0.8756,—,61.0,55.5,—,—
2007-09-11,12:32:24,154,Partial,−1.1255,0.7507,—,-61.0,-90.2,—,—
2008-02-07,03:56:10,121,Annular,−0.957,0.965,2:12,-67.6,-150.5,444,276
2008-08-01,10:22:12,126,Total,0.8307,1.0394,2:27,65.7,72.3,237,147
2009-01-26,07:59:45,131,Annular,−0.282,0.9282,7:54,-34.1,70.2,280,170
2009-07-22,02:36:25,136,Total,0.0698,1.0799,6:39,24.2,144.1,258,160
2010-01-15,07:07:39,141,Annular,0.4002,0.919,11:08,1.6,69.3,333,207
2010-07-11,19:34:38,146,Total,−0.6788,1.058,5:20,-19.7,-121.9,259,161
2011-01-04,08:51:42,151,Partial,1.0627,0.8576,—,64.7,20.8,—,—
2011-06-01,21:17:18,118,Partial,1.213,0.601,—,67.8,46.8,—,—
2011-07-01,08:39:30,156,Partial,−1.4917,0.0971,—,-65.2,28.6,—,—
2011-11-25,06:21:24,123,Partial,−1.0536,0.9047,—,-68.6,-82.4,—,—
2012-05-20,23:53:54,128,Annular,0.4828,0.9439,5:46,49.1,176.3,237,147
2012-11-13,22:12:55,133,Total,−0.3719,1.05,4:02,-40.0,-161.3,179,111
2013-05-10,00:26:20,138,Annular,−0.2694,0.9544,6:03,2.2,175.5,173,107
2013-11-03,12:47:36,143,Hybrid,0.3272,1.0159,1:40,3.5,-11.7,58,36
2014-04-29,06:04:33,148,Annular,−1.00001,0.9868,—,-70.6,131.3,—,—
2014-10-23,21:45:39,153,Partial,1.0908,0.8114,—,71.2,-97.2,—,—
2015-03-20,09:46:47,120,Total,0.9454,1.0445,2:47,64.4,-6.6,463,288
2015-09-13,06:55:19,125,Partial,−1.1004,0.7875,—,-72.1,-2.3,—,—
2016-03-09,01:58:19,130,Total,0.2609,1.045,4:09,10.1,148.8,155,96
2016-09-01,09:08:02,135,Annular,−0.333,0.9736,3:06,-10.7,37.8,100,62
2017-02-26,14:54:33,140,Annular,−0.4578,0.9922,0:44,-34.7,-31.2,31,19
2017-08-21,18:26:40,145,Total,0.4367,1.0306,2:40,37.0,-87.7,115,71
2018-02-15,20:52:33,150,Partial,−1.2116,0.5991,—,-71.0,0.6,—,—
2018-07-13,03:02:16,117,Partial,−1.3542,0.3365,—,-67.9,127.4,—,—
2018-08-11,09:47:28,155,Partial,1.1476,0.7368,—,70.4,174.5,—,—
2019-01-06,01:42:38,122,Partial,1.1417,0.7145,—,67.4,153.6,—,—
2019-07-02,19:24:08,127,Total,−0.6466,1.0459,4:33,-17.4,-109.0,201,125
2019-12-26,05:18:53,132,Annular,0.4135,0.9701,3:40,1.0,102.3,118,73
2020-06-21,06:41:15,137,Annular,0.1209,0.994,0:38,30.5,79.7,21,13
2020-12-14,16:14:39,142,Total,−0.2939,1.0254,2:10,-40.3,-67.9,90,56
2021-06-10,10:43:07,147,Annular,0.9152,0.9435,3:51,80.8,-66.8,527,327
2021-12-04,07:34:38,152,Total,−0.9526,1.0367,1:54,-76.8,-46.2,419,260
2022-04-30,20:42:36,119,Partial,−1.1901,0.6396,—,-62.1,-71.5,—,—
2022-10-25,11:01:20,124,Partial,1.0701,0.8623,—,61.6,77.4,—,—
2023-04-20,04:17:56,129,Hybrid,−0.3952,1.0132,1:16,-9.6,125.8,49,30
2023-10-14,18:00:41,134,Annular,0.3753,0.952,5:17,11.4,-83.1,187,116
2024-04-08,18:18:29,139,Total,0.3431,1.0566,4:28,25.3,-104.1,198,123
2024-10-02,18:46:13,144,Annular,−0.3509,0.9326,7:25,-22.0,-114.5,266,165
2025-03-29,10:48:36,149,Partial,1.0405,0.9376,—,61.1,-77.1,—,—
2025-09-21,19:43:04,154,Partial,−1.0651,0.855,—,-60.9,153.5,—,—
2026-02-17,12:13:06,121,Annular,−0.9743,0.963,2:20,-64.7,86.8,616,383
2026-08-12,17:47:06,126,Total,0.8977,1.0386,2:18,65.2,-25.2,294,183
2027-02-06,16:00:48,131,Annular,−0.2952,0.9281,7:51,-31.3,-48.5,282,175
2027-08-02,10:07:50,136,Total,0.1421,1.079,6:23,25.5,33.2,258,160
2028-01-26,15:08:59,141,Annular,0.3901,0.9208,10:27,3.0,-51.5,323,201
2028-07-22,02:56:40,146,Total,−0.6056,1.056,5:10,-15.6,126.7,230,140
2029-01-14,17:13:48,151,Partial,1.0553,0.8714,—,63.7,-114.2,—,—
2029-06-12,04:06:13,118,Partial,1.2943,0.4576,—,66.8,-66.2,—,—
2029-07-11,15:37:19,156,Partial,−1.4191,0.2303,—,-64.3,-85.6,—,—
2029-12-05,15:03:58,123,Partial,−1.0609,0.8911,—,-67.5,135.7,—,—
2030-06-01,06:29:13,128,Annular,0.5626,0.9443,5:21,56.5,80.1,250,160
2030-11-25,06:51:37,133,Total,−0.3867,1.0468,3:44,-43.6,71.2,169,105
2031-05-21,07:16:04,138,Annular,−0.197,0.9589,5:26,8.9,71.7,152,94
2031-11-14,21:07:31,143,Hybrid,0.3078,1.0106,1:08,-0.6,-137.6,38,24
2032-05-09,13:26:42,148,Annular,−0.9375,0.9957,0:22,-51.3,-7.1,44,27
2032-11-03,05:34:13,153,Partial,1.0643,0.8554,—,70.4,132.6,—,—
2033-03-30,18:02:36,120,Total,0.9778,1.0462,2:37,71.3,-155.8,781,485
2033-09-23,13:54:31,125,Partial,−1.1583,0.689,—,-72.2,-121.2,—,—
2034-03-20,10:18:45,130,Total,0.2894,1.0458,4:09,16.1,22.2,159,99
2034-09-12,16:19:28,135,Annular,−0.3936,0.9736,2:58,-18.2,-72.6,102,63
2035-03-09,23:05:54,140,Annular,−0.4368,0.9919,0:48,-29.0,-154.9,31,19
2035-09-02,01:56:46,145,Total,0.3727,1.032,2:54,29.1,158.0,116,72
2036-02-27,04:46:49,150,Partial,−1.1942,0.6286,—,-71.6,-131.4,—,—
2036-07-23,10:32:06,117,Partial,−1.425,0.1991,—,-68.9,3.6,—,—
2036-08-21,17:25:45,155,Partial,1.0825,0.8622,—,71.1,47.0,—,—
2037-01-16,09:48:55,122,Partial,1.1477,0.7049,—,68.5,20.8,—,—
2037-07-13,02:40:36,127,Total,−0.7246,1.0413,3:58,-24.8,139.1,201,125
2038-01-05,13:47:11,132,Annular,0.4169,0.9728,3:18,2.1,-25.4,107,66
2038-07-02,13:32:55,137,Annular,0.0398,0.9911,1:00,25.4,-21.9,31,19
2038-12-26,01:00:10,142,Total,−0.2881,1.0268,2:18,-40.3,164.0,95,59
2039-06-21,17:12:54,147,Annular,0.8312,0.9454,4:05,78.9,-102.1,365,227
2039-12-15,16:23:46,152,Total,−0.9458,1.0356,1:51,-80.9,172.8,380,240
2040-05-11,03:43:02,119,Partial,−1.2529,0.5306,—,-62.8,174.4,—,—
2040-11-04,19:09:02,124,Partial,1.0993,0.8074,—,62.2,-53.4,—,—
2041-04-30,11:52:21,129,Total,−0.4492,1.0189,1:51,-9.6,12.2,72,45
2041-10-25,01:36:22,134,Annular,0.4133,0.9467,6:07,9.9,162.9,213,132
2042-04-20,02:17:30,139,Total,0.2956,1.0614,4:51,27.0,137.3,210,130
2042-10-14,02:00:42,144,Annular,−0.303,0.93,7:44,-23.7,137.8,273,170
2043-04-09,18:57:49,149,Total,1.0031,1.0095,—,61.3,152.0,—,—
2043-10-03,03:01:49,154,Annular,1.0102,0.9497,—,-61.0,35.3,—,—
2044-02-28,20:24:40,121,Annular,−0.9954,0.96,2:27,-62.2,-25.6,—,—
2044-08-23,01:17:02,126,Total,0.9613,1.0364,2:04,64.3,-120.4,453,281
2045-02-16,23:56:07,131,Annular,−0.3125,0.9285,7:47,-28.3,-166.2,281,175
2045-08-12,17:42:39,136,Total,0.2116,1.0774,6:06,25.9,-78.5,256,159
2046-02-05,23:06:26,141,Annular,0.3765,0.9232,9:42,4.8,-171.4,310,190
2046-08-02,10:21:13,146,Total,−0.535,1.0531,4:51,-12.7,15.2,206,128
2047-01-26,01:33:18,151,Partial,1.045,0.8907,—,62.9,111.7,—,—
2047-06-23,10:52:31,118,Partial,1.3766,0.3129,—,65.8,-178.0,—,—
2047-07-22,22:36:17,156,Partial,−1.3477,0.3604,—,-63.4,160.2,—,—
2047-12-16,23:50:12,123,Partial,−1.0661,0.8816,—,-66.4,-6.6,—,—
2048-06-11,12:58:53,128,Annular,0.6468,0.9441,4:58,63.7,-11.5,272,169
2048-12-05,15:35:27,133,Total,−0.3973,1.044,3:28,-46.1,-56.4,160,99
2049-05-31,13:59:59,138,Annular,−0.1187,0.9631,4:45,15.3,-29.9,134,83
2049-11-25,05:33:48,143,Hybrid,0.2943,1.0057,0:38,-3.8,95.2,21,13
2050-05-20,20:42:50,148,Hybrid,−0.8688,1.0038,0:21,-40.1,-123.7,27,17
2050-11-14,13:30:53,153,Partial,1.0447,0.8874,—,69.5,1.0,—,—
2051-04-11,02:10:39,120,Partial,1.0169,0.9849,—,71.6,32.2,—,—
2051-10-04,21:02:14,125,Partial,−1.2094,0.6024,—,-72.0,117.7,—,—
2052-03-30,18:31:53,130,Total,0.3238,1.0466,4:08,22.4,-102.5,164,102
2052-09-22,23:39:10,135,Annular,−0.448,0.9734,2:51,-25.7,175.0,106,66
2053-03-20,07:08:19,140,Annular,−0.4089,0.9919,0:50,-23.0,83.0,31,19
2053-09-12,09:34:09,145,Total,0.314,1.0328,3:04,21.5,41.7,116,72
2054-03-09,12:33:40,150,Partial,−1.1711,0.6678,—,-72.0,97.9,—,—
2054-08-03,18:04:02,117,Partial,−1.4941,0.0655,—,-69.8,-121.3,—,—
2054-09-02,01:09:34,155,Partial,1.0215,0.9793,—,71.7,-82.3,—,—
2055-01-27,17:54:05,122,Partial,1.155,0.6932,—,69.5,-112.2,—,—
2055-07-24,09:57:50,127,Total,−0.8012,1.0359,3:17,-33.3,25.8,202,126
2056-01-16,22:16:45,132,Annular,0.4199,0.9759,2:52,3.9,-153.5,95,59
2056-07-12,20:21:59,137,Annular,−0.0426,0.9878,1:26,19.4,-123.7,43,27
2057-01-05,09:47:52,142,Total,−0.2837,1.0287,2:29,-39.2,35.2,102,63
2057-07-01,23:40:15,147,Annular,0.7455,0.9464,4:23,71.5,-176.2,298,185
2057-12-26,01:14:35,152,Total,−0.9405,1.0348,1:50,-84.9,21.8,355,221
2058-05-22,10:39:25,119,Partial,−1.3194,0.4141,—,-63.5,61.1,—,—
2058-06-21,00:19:35,157,Partial,1.4869,0.126,—,65.9,9.9,—,—
2058-11-16,03:23:07,124,Partial,1.1224,0.7644,—,62.9,174.2,—,—
2059-05-11,19:22:16,129,Total,−0.508,1.0242,2:23,-10.7,-100.4,95,59
2059-11-05,09:18:15,134,Annular,0.4454,0.9417,7:00,8.7,47.1,238,148
2060-04-30,10:10:00,139,Total,0.2422,1.066,5:15,28.0,20.9,222,138
2060-10-24,09:24:10,144,Annular,−0.2625,0.9277,8:06,-25.8,28.1,281,175
2061-04-20,02:56:49,149,Total,0.9578,1.0475,2:37,64.5,59.2,559,347
2061-10-13,10:32:10,154,Annular,−0.9639,0.9469,3:41,-62.1,-54.4,743,462
2062-03-11,04:26:16,121,Partial,−1.0238,0.9331,—,-61.0,-147.1,—,—
2062-09-03,08:54:27,126,Partial,1.0191,0.9749,—,61.3,150.3,—,—
2063-02-28,07:43:30,131,Annular,−0.336,0.9293,7:41,-25.2,77.7,280,170
2063-08-24,01:22:11,136,Total,0.2771,1.075,5:49,25.6,168.4,252,157
2064-02-17,07:00:23,141,Annular,0.3597,0.9262,8:56,7.0,69.7,295,183
2064-08-12,17:46:06,146,Total,−0.4652,1.0495,4:28,-10.9,-96.0,184,114
2065-02-05,09:52:26,151,Partial,1.0336,0.9123,—,62.2,-21.9,—,—
2065-07-03,17:33:52,118,Partial,1.4619,0.1638,—,64.8,71.9,—,—
2065-08-02,05:34:17,156,Partial,−1.2759,0.4903,—,-62.7,46.5,—,—
2065-12-27,08:39:56,123,Partial,−1.0688,0.8769,—,-65.4,-149.2,—,—
2066-06-22,19:25:48,128,Annular,0.733,0.9435,4:40,70.1,-96.4,309,192
2066-12-17,00:23:40,133,Total,−0.4043,1.0416,3:14,-47.4,175.8,152,94
2067-06-11,20:42:26,138,Annular,−0.0387,0.967,4:05,21.0,-130.2,119,74
2067-12-06,14:03:43,143,Hybrid,0.2845,1.0011,0:08,-6.0,-32.4,4,2.5
2068-05-31,03:56:39,148,Total,−0.797,1.011,1:06,-31.0,123.2,63,39
2068-11-24,21:32:30,153,Partial,1.0299,0.9109,—,68.5,-131.1,—,—
2069-04-21,10:11:09,120,Partial,1.0624,0.8992,—,71.0,-101.3,—,—
2069-05-20,17:53:18,158,Partial,−1.4852,0.0879,—,-68.8,-69.9,—,—
2069-10-15,04:19:56,125,Partial,−1.2524,0.5298,—,-71.6,-5.5,—,—
2070-04-11,02:36:09,130,Total,0.3652,1.0472,4:04,29.1,135.1,168,104
2070-10-04,07:08:57,135,Annular,−0.495,0.9731,2:44,-32.8,60.4,110,68
2071-03-31,15:01:06,140,Annular,−0.3739,0.9919,0:52,-16.7,-37.0,31,19
2071-09-23,17:20:28,145,Total,0.262,1.0333,3:11,14.2,-76.7,116,72
2072-03-19,20:10:31,150,Partial,−1.1405,0.7199,—,-72.2,-30.4,—,—
2072-09-12,08:59:20,155,Total,0.9655,1.0558,3:13,69.8,102.0,732,455
2073-02-07,01:55:59,122,Partial,1.1651,0.6768,—,70.5,114.9,—,—
2073-08-03,17:15:23,127,Total,−0.8763,1.0294,2:29,-43.2,-89.4,206,128
2074-01-27,06:44:15,132,Annular,0.4251,0.9798,2:21,6.6,78.8,79,49
2074-07-24,03:10:32,137,Annular,−0.1242,0.9838,1:57,12.8,133.7,58,36
2075-01-16,18:36:04,142,Total,−0.2799,1.0311,2:42,-37.2,-94.1,110,68
2075-07-13,06:05:44,147,Annular,0.6583,0.9467,4:45,63.1,95.2,262,163
2076-01-06,10:07:27,152,Total,−0.9373,1.0342,1:49,-87.2,-173.7,340,210
2076-06-01,17:31:22,119,Partial,−1.3897,0.2897,—,-64.4,-51.2,—,—
2076-07-01,06:50:43,157,Partial,1.4005,0.2746,—,67.0,-98.1,—,—
2076-11-26,11:43:01,124,Partial,1.1401,0.7315,—,63.7,40.1,—,—
2077-05-22,02:46:05,129,Total,−0.5725,1.029,2:54,-13.1,148.3,119,74
2077-11-15,17:07:56,134,Annular,0.4705,0.9371,7:54,7.8,-70.8,262,163
2078-05-11,17:56:55,139,Total,0.1838,1.0701,5:40,28.1,-93.7,232,144
2078-11-04,16:55:44,144,Annular,−0.2285,0.9255,8:29,-27.8,-83.3,287,178
2079-05-01,10:50:13,149,Total,0.9081,1.0512,2:55,66.2,-46.3,406,252
2079-10-24,18:11:21,154,Annular,−0.9243,0.9484,3:39,-63.4,-160.6,495,308
2080-03-21,12:20:15,121,Partial,−1.0578,0.8734,—,-60.9,85.9,—,—
2080-09-13,16:38:09,126,Partial,1.0723,0.8743,—,61.1,25.8,—,—
2081-03-10,15:23:31,131,Annular,−0.3653,0.9304,7:36,-22.4,-36.7,277,172
2081-09-03,09:07:31,136,Total,0.3378,1.072,5:33,24.6,53.6,247,153
2082-02-27,14:47:00,141,Annular,0.3361,0.9298,8:12,9.4,-47.1,277,172
2082-08-24,01:16:21,146,Total,−0.4004,1.0452,4:01,-10.3,151.8,163,101
2083-02-16,18:06:36,151,Partial,1.017,0.9433,—,61.6,-154.1,—,—
2083-07-15,00:14:23,118,Partial,1.5465,0.0168,—,64.0,-37.7,—,—
2083-08-13,12:34:41,156,Partial,−1.2064,0.6146,—,-62.1,-67.5,—,—
2084-01-07,17:30:23,123,Partial,−1.0715,0.8723,—,-64.4,68.5,—,—
2084-07-03,01:50:26,128,Annular,0.8208,0.9421,4:25,75.0,-169.1,377,234
2084-12-27,09:13:48,133,Total,−0.4094,1.0396,3:04,-47.3,47.7,146,91
2085-06-22,03:21:16,138,Annular,0.0452,0.9704,3:29,26.2,131.3,106,66
2085-12-16,22:37:48,143,Annular,0.2786,0.9971,0:19,-7.3,-160.8,10,6.2
2086-06-11,11:07:14,148,Total,−0.7215,1.0174,1:48,-23.2,12.5,86,53
2086-12-06,05:38:55,153,Partial,1.0194,0.9271,—,67.4,96.2,—,—
2087-05-02,18:04:42,120,Partial,1.1139,0.8011,—,70.3,127.6,—,—
2087-06-01,01:27:14,158,Partial,−1.4186,0.2146,—,-67.8,165.4,—,—
2087-10-26,11:46:57,125,Partial,−1.2882,0.4696,—,-71.0,-130.5,—,—
2088-04-21,10:31:49,130,Total,0.4135,1.0474,3:58,36.0,15.1,173,107
2088-10-14,14:48:05,135,Annular,−0.5349,0.9727,2:38,-39.7,-56.0,115,71
2089-04-10,22:44:42,140,Annular,−0.3319,0.9919,0:53,-10.2,-154.8,30,19
2089-10-04,01:15:23,145,Total,0.2167,1.0333,3:14,7.4,162.8,115,71
2090-03-31,03:38:08,150,Partial,−1.1028,0.7843,—,-72.1,-156.3,—,—
2090-09-23,16:56:36,155,Total,0.9157,1.0562,3:36,60.7,-40.5,463,288
2091-02-18,09:54:40,122,Partial,1.1779,0.6558,—,71.2,-17.8,—,—
2091-08-15,00:34:43,127,Total,−0.949,1.0216,1:38,-55.6,150.5,236,147
2092-02-07,15:10:20,132,Annular,0.4322,0.984,1:48,9.9,-48.7,62,39
2092-08-03,09:59:33,137,Annular,−0.2044,0.9794,2:31,5.6,30.3,75,47
2093-01-27,03:22:16,142,Total,−0.2737,1.034,2:58,-34.1,136.4,119,74
2093-07-23,12:32:04,147,Annular,0.5717,0.9463,5:11,54.6,1.3,241,150
2094-01-16,18:59:03,152,Total,−0.9333,1.0342,1:51,-84.8,-10.6,329,204
2094-06-13,00:22:11,119,Partial,−1.4613,0.1618,—,-65.3,-163.6,—,—
2094-07-12,13:24:35,157,Partial,1.3150,0.4224,—,68.0,152.8,—,—
2094-12-07,20:05:56,124,Partial,1.1547,0.7046,—,64.7,-95.0,—,—
2095-06-02,10:07:40,129,Total,−0.6396,1.0332,3:18,-16.7,37.2,145,90
2095-11-27,01:02:57,134,Annular,0.4903,0.933,8:47,7.2,169.8,285,177
2096-05-22,01:37:14,139,Total,0.1196,1.0737,6:07,27.3,153.4,241,150
2096-11-15,00:36:15,144,Annular,−0.20,0.9237,8:53,-29.7,163.3,294,183
2097-05-11,18:34:31,149,Total,0.8516,1.0538,3:10,67.4,-149.5,339,211
2097-11-04,02:01:25,154,Annular,−0.8926,0.9494,3:36,-65.8,86.8,411,255
2098-04-01,20:02:31,121,Partial,−1.1005,0.7984,—,-61.0,-38.1,—,—
2098-09-25,00:31:16,126,Partial,1.14,0.7871,—,61.1,-101.0,—,—
2098-10-24,10:36:11,164,Partial,−1.5407,0.0056,—,-61.8,-95.5,—,—
2099-03-21,22:54:32,131,Annular,−0.4016,0.93,7:32,-20.0,-149.0,275,171
2099-09-14,16:57:53,136,Total,0.3942,1.0684,5:18,23.4,-62.8,241,150
2100-03-10,22:28:11,141,Annular,0.3077,0.9338,7:29,12.0,-162.4,257,160
2100-09-04,08:49:20,146,Total,−0.3384,1.0402,3:32,-10.5,39.0,142,88
